Employee ID,First Name,Last Name,Gender,Hire Date,Date of Birth
500000,Casey,Miller,M,1996-08-21,1969-01-05
500001,Blake,Smith,F,2010-02-09,1988-09-05
500002,Sydney,Williams,F,2008-04-06,1989-12-19
500003,Quinn,Johnson,F,2007-09-27,1950-12-16
500004,Blake,Miller,F,2020-10-01,1993-07-25
500005,Sydney,Rodriguez,F,2010-03-08,1985-07-09
500006,Jordan,Williams,F,1982-11-01,1963-01-28
500007,Blake,Davis,F,2004-11-11,1984-06-21
500008,Riley,Brown,M,2024-05-24,1982-09-08
500009,Jordan,Rodriguez,M,2020-12-07,1987-11-02
500010,Sydney,Williams,M,2015-08-23,1958-03-12
500011,Taylor,Davis,F,2008-12-12,1988-06-25
500012,Blake,Johnson,M,2020-03-24,2000-08-30
500013,Sydney,Smith,F,1984-09-06,1951-01-28
500014,Avery,Rodriguez,F,1979-10-12,1954-04-22
500015,Riley,Garcia,F,2009-01-01,1958-05-11
500016,Blake,Brown,M,2020-07-01,1995-02-12
500017,Casey,Davis,M,2012-11-25,1970-10-02
500018,Jordan,Davis,F,2017-04-07,1967-08-13
500019,Riley,Jones,M,2008-11-12,1963-05-04
500020,Sydney,Davis,M,2012-01-14,1951-09-03
500021,Taylor,Davis,M,1998-12-29,1965-06-26
500022,Jordan,Jones,F,2012-04-08,1993-10-16
500023,Sydney,Martinez,M,1980-05-09,1957-05-29
500024,Blake,Smith,M,2016-12-10,1974-06-06
500025,Jordan,Smith,F,2021-04-02,1991-12-05
500026,Alex,Miller,F,1992-02-09,1960-09-05
500027,Jordan,Brown,F,2004-01-25,1983-10-15
500028,Sydney,Davis,M,2023-11-13,1975-04-10
500029,Jordan,Jones,M,1994-09-08,1961-05-12
500030,Riley,Johnson,F,1981-02-14,1960-08-31
500031,Quinn,Johnson,F,1998-06-16,1977-01-09
500032,Alex,Johnson,M,2020-08-04,1994-12-07
500033,Blake,Rodriguez,F,1992-02-21,1956-10-23
500034,Taylor,Brown,M,2023-03-24,1980-05-04
500035,Alex,Williams,M,2020-09-29,1995-03-31
500036,Jordan,Brown,F,2014-02-27,1954-04-10
500037,Jordan,Jones,M,2012-10-23,1950-11-16
500038,Morgan,Miller,F,2023-09-02,1989-03-21
500039,Sydney,Johnson,M,1998-08-12,1972-03-02
500040,Quinn,Martinez,M,2020-03-04,1978-05-14
500041,Riley,Brown,F,2011-03-20,1988-05-13
500042,Sydney,Jones,M,2002-08-23,1979-07-20
500043,Sydney,Smith,M,2006-03-17,1984-08-27
500044,Riley,Martinez,F,1988-07-20,1954-06-02
500045,Casey,Rodriguez,M,2017-01-21,1951-11-20
500046,Casey,Miller,F,2002-09-16,1957-05-11
500047,Morgan,Martinez,M,1996-08-18,1961-08-17
500048,Casey,Davis,F,2010-07-19,1954-04-23
500049,Riley,Martinez,M,2019-12-19,1999-04-25
500050,Taylor,Martinez,F,2012-12-09,1994-08-24
500051,Riley,Martinez,F,2012-05-08,1988-08-28
500052,Casey,Miller,F,2015-07-09,1993-08-12
500053,Alex,Martinez,F,2015-02-20,1971-02-25
500054,Casey,Martinez,M,1996-11-19,1962-09-04
500055,Taylor,Jones,M,2007-12-11,1975-09-21
500056,Alex,Davis,F,1982-08-05,1956-06-24
500057,Morgan,Johnson,M,2014-01-06,1960-04-26
500058,Taylor,Williams,M,2012-03-27,1987-07-20
500059,Alex,Smith,M,2016-01-26,1996-06-16
500060,Blake,Johnson,M,2002-05-25,1958-03-14
500061,Quinn,Jones,M,1997-02-04,1977-02-17
500062,Riley,Davis,F,2003-08-22,1967-02-04
500063,Quinn,Rodriguez,F,1996-01-08,1976-10-29
500064,Morgan,Davis,M,2020-06-10,1968-12-05
500065,Taylor,Smith,M,2000-04-26,1965-06-17
500066,Blake,Miller,F,2008-02-22,1988-01-12
500067,Sydney,Rodriguez,M,1985-02-03,1953-01-02
500068,Alex,Brown,M,2023-11-05,1967-08-16
500069,Quinn,Jones,M,2020-05-20,1989-05-07
500070,Morgan,Rodriguez,F,2018-02-03,1987-02-03
500071,Blake,Jones,M,2016-05-04,1990-09-08
500072,Morgan,Jones,M,1981-09-18,1959-09-21
500073,Avery,Smith,M,2017-02-13,1952-11-25
500074,Sydney,Brown,M,2017-01-05,1971-11-17
500075,Alex,Rodriguez,M,2007-08-20,1981-11-03
500076,Quinn,Davis,M,1979-12-02,1955-06-29
500077,Riley,Davis,F,2023-01-24,2000-01-17
500078,Casey,Jones,M,2017-03-18,1995-03-11
500079,Sydney,Johnson,M,1999-01-06,1968-10-10
500080,Alex,Jones,F,1983-06-08,1964-08-20
500081,Quinn,Johnson,M,2011-06-12,1983-07-27
500082,Taylor,Smith,F,2014-08-22,1983-09-10
500083,Taylor,Williams,M,2015-01-02,1953-12-19
500084,Casey,Rodriguez,M,2009-08-20,1982-04-17
500085,Riley,Jones,M,2021-07-21,1989-12-14
500086,Riley,Miller,M,2005-01-11,1961-01-31
500087,Alex,Johnson,F,2016-06-25,1995-08-05
500088,Morgan,Davis,M,2021-07-07,1994-04-14
500089,Jordan,Smith,M,1990-11-02,1963-12-02
500090,Riley,Miller,M,2015-04-29,1985-04-06
500091,Jordan,Rodriguez,M,2003-09-03,1983-12-16
500092,Sydney,Jones,F,2015-11-05,1997-10-14
500093,Avery,Johnson,M,1997-01-13,1978-01-19
500094,Blake,Brown,F,2018-02-27,1999-02-15
500095,Quinn,Garcia,F,2019-11-21,1997-01-12
500096,Sydney,Miller,F,1981-08-01,1951-09-01
500097,Sydney,Williams,M,2001-06-09,1983-04-14
500098,Blake,Johnson,F,2022-03-03,1998-03-06
500099,Casey,Brown,F,2019-05-18,1965-04-04
