500000,1956-08-17,James,Johnson,F,1995-03-07
500001,1956-08-25,Isabella,Jones,M,2005-11-19
500002,1974-03-02,Mia,Jones,F,2016-06-11
500003,1997-11-07,Benjamin,Martinez,M,2001-03-12
500004,1961-01-05,William,Smith,F,2017-11-20
500005,1973-02-22,Lucas,Brown,M,2002-10-03
500006,1978-11-26,William,Jackson,F,1986-12-08
500007,1962-07-22,John,Miller,F,2007-09-28
500008,1951-11-02,William,Martin,M,2001-08-20
500009,1953-09-06,Jane,Taylor,F,1986-11-12
500010,1983-01-08,Henry,Anderson,F,1990-04-19
500011,1953-07-16,Amelia,Martinez,M,2005-03-16
500012,1999-02-03,Henry,Robinson,M,1981-09-04
500013,1966-09-24,Sophia,Taylor,F,2004-09-25
500014,1994-01-13,John,Thompson,M,2010-03-25
500015,1962-04-21,Sophia,Johnson,M,1995-05-01
500016,1970-04-12,William,Robinson,F,2015-12-22
500017,1975-10-06,Olivia,White,M,2010-03-13
500018,1992-08-02,Alexander,Garcia,M,2013-08-01
500019,1990-04-14,Henry,Taylor,M,2014-12-24
500020,1993-09-01,James,Wilson,F,1988-02-09
500021,1957-03-06,Mia,Thompson,M,1995-10-16
500022,1982-05-06,John,Garcia,F,2003-06-22
500023,1998-06-01,Ava,Harris,F,1993-12-26
500024,1973-04-06,Amelia,Johnson,M,2007-09-25
500025,2000-09-18,James,Harris,F,2018-09-16
500026,1981-06-05,Carlos,Moore,F,1999-04-24
500027,1957-09-21,Mia,Jackson,F,2005-06-24
500028,1965-09-02,Maria,Brown,F,1992-12-04
500029,1975-09-10,William,Harris,F,1981-04-17
500030,1992-03-07,Carlos,Wilson,F,2017-07-25
500031,1995-07-27,Ava,Smith,F,2007-05-20
500032,1987-03-22,Amelia,Jones,F,2016-08-05
500033,1971-11-24,Sophia,Jackson,F,2003-12-14
500034,1957-04-07,Maria,Harris,F,2014-08-22
500035,1989-05-02,Emma,Moore,M,1980-09-20
500036,1965-06-18,Emma,Davis,F,1987-02-04
500037,1969-04-06,Maria,Brown,M,1985-10-02
500038,1986-12-19,John,Wilson,F,2013-02-12
500039,1950-02-27,Olivia,Martin,M,2017-09-04
500040,1958-11-10,Noah,Williams,M,1981-05-01
500041,1968-01-17,John,Robinson,M,1999-10-11
500042,1992-06-07,Ava,Robinson,M,2007-12-14
500043,1996-12-12,Mia,Jackson,F,2020-08-15
500044,1977-06-20,Benjamin,Williams,M,1981-03-05
500045,1989-06-02,Carlos,Thompson,F,2007-06-02
500046,1981-10-18,Alexander,Anderson,F,2009-03-05
500047,1990-07-27,William,Martinez,M,2002-09-20
500048,1970-05-02,James,Martinez,M,1981-08-02
500049,1979-03-22,Charlotte,Harris,M,2017-03-09
500050,1955-07-02,Ava,Thomas,M,2007-09-05
500051,1979-12-22,Emma,Harris,F,1984-11-10
500052,1958-04-19,Mia,Moore,M,1985-02-12
500053,1961-09-04,Sophia,Anderson,M,2012-05-27
500054,1965-05-15,William,Thompson,F,1989-06-20
500055,1987-06-23,Lucas,Thomas,M,2005-05-13
500056,1976-11-27,Olivia,Garcia,F,1997-02-12
500057,1982-09-14,Alexander,Anderson,M,2014-07-28
500058,1995-04-13,Liam,Martin,M,2020-11-28
500059,1999-10-13,Sophia,Jackson,F,2014-08-06
500060,1985-10-07,Charlotte,Anderson,M,1987-06-22
500061,1973-09-04,Olivia,Martin,M,2022-04-01
500062,1974-06-04,Emma,Jackson,F,2022-04-14
500063,1983-08-19,James,Jones,F,1984-09-23
500064,1985-03-11,Noah,Jackson,M,2006-01-15
500065,1957-07-09,Alexander,Jackson,M,1983-01-04
500066,1989-04-22,Noah,Harris,F,2023-01-26
500067,1998-06-01,Sophia,Anderson,F,1982-02-26
500068,1981-10-09,Charlotte,Johnson,F,1985-01-16
500069,1967-05-12,William,Thomas,F,1995-01-20
500070,1997-01-08,Lucas,Jackson,F,1981-01-18
500071,1982-10-09,Liam,Williams,M,1985-04-03
500072,1969-08-07,Amelia,Thompson,F,1981-11-20
500073,2000-04-04,Maria,Thompson,F,1996-03-16
500074,1992-02-02,William,Martin,F,1980-06-14
500075,1999-12-23,Liam,Thompson,M,1992-01-15
500076,1964-06-11,Sophia,Williams,F,2013-10-10
500077,1964-10-12,Charlotte,Robinson,F,2015-10-19
500078,1974-03-18,Mia,Robinson,M,2022-07-16
500079,1956-09-10,Emma,Brown,M,2001-12-15
500080,1996-04-15,Carlos,Harris,F,1984-03-25
500081,1951-03-27,Ava,Jackson,F,2013-06-25
500082,1991-04-18,William,White,F,1983-10-25
500083,1965-05-19,Noah,Davis,F,2001-08-04
500084,1999-10-21,Charlotte,Johnson,F,2006-05-28
500085,1995-06-07,James,Anderson,F,2008-10-02
500086,1994-07-15,Isabella,Martinez,M,2002-06-21
500087,1985-07-28,Charlotte,Jones,F,2003-01-09
500088,1959-03-02,Lucas,Robinson,F,1996-09-27
500089,1964-10-08,Charlotte,Thomas,M,2009-04-02
500090,1980-07-15,Sophia,Williams,M,1982-01-12
500091,1950-01-24,Benjamin,Smith,M,2021-11-11
500092,1956-09-01,Isabella,Thompson,F,1991-05-09
500093,1965-10-15,Noah,Wilson,F,2004-01-01
500094,1981-12-03,Olivia,Williams,M,2002-10-02
500095,1957-09-08,Carlos,Harris,F,2017-08-25
500096,1976-04-12,Isabella,Robinson,F,1984-11-26
500097,1956-12-16,Liam,Davis,M,2002-11-06
500098,1954-01-22,Carlos,Jackson,F,2017-10-01
500099,1993-07-20,John,White,M,1996-10-16
