employeeId,firstName,lastName,gender,hireDate,birthDate,deptNo
2000,Laura,Martinez,F,1998-02-15,1970-05-10,d018
2001,Carlos,Garcia,M,1999-03-15,1970-06-20,d022
2002,Ana,Lopez,F,2000-04-15,1970-07-30,d016
2003,Juan,Hernandez,M,1997-05-15,1970-08-25,d016
2004,Lucia,Gonzalez,F,2001-06-15,1970-09-15,d011
2005,Miguel,Martinez,M,1996-07-15,1970-10-10,d022
2006,Maria,Rodriguez,F,1999-08-15,1970-11-05,d011
2007,Jose,Fernandez,M,1998-09-15,1970-12-25,d015
2008,Sofia,Sanchez,F,2000-10-15,1971-01-20,d020
2009,David,Ramirez,M,1997-11-15,1971-02-10,d019
2010,Laura,Cruz,F,1998-12-15,1971-03-05,d016
2011,Daniel,Gomez,M,1999-01-15,1971-04-25,d022
2012,Elena,Moreno,F,2000-02-15,1971-05-15,d024
2013,Pablo,Jimenez,M,1997-03-15,1971-06-05,d010
2014,Carmen,Diaz,F,2001-04-15,1971-07-25,d022
2015,Francisco,Alvarez,M,1996-05-15,1971-08-15,d011
2016,Isabel,Romero,F,1999-06-15,1971-09-05,d010
2017,Antonio,Navarro,M,1998-07-15,1971-10-25,d019
2018,Sara,Ruiz,F,2000-08-15,1971-11-15,d024
2019,Manuel,Molina,M,1997-09-15,1971-12-05,d018
2020,Patricia,Suarez,F,1998-10-15,1972-01-25,d012
2021,Javier,Ortega,M,1999-11-15,1972-02-15,d011
2022,Nuria,Castro,F,2000-12-15,1972-03-05,d021
2023,Raul,Delgado,M,1997-01-15,1972-04-25,d011
2024,Teresa,Mendez,F,2001-02-15,1972-05-15,d021
2025,Alberto,Flores,M,1996-03-15,1972-06-05,d010
2026,Veronica,Santos,F,1999-04-15,1972-07-25,d011
2027,Luis,Carrasco,M,1998-05-15,1972-08-15,d013
2028,Silvia,Aguilar,F,2000-06-15,1972-09-05,d012
2029,Diego,Blanco,M,1997-07-15,1972-10-25,d011
2030,Marina,Ibanez,F,1998-08-15,1972-11-15,d024
2031,Pedro,Soler,M,1999-09-15,1972-12-05,d018
2032,Beatriz,Santiago,F,2000-10-15,1973-01-25,d016
2033,Vicente,Campo,M,1997-11-15,1973-02-15,d011
2034,Gloria,Marquez,F,2001-12-15,1973-03-05,d019
2035,Ricardo,Nieto,M,1996-01-15,1973-04-25,d012
2036,Cristina,Leon,F,1999-02-15,1973-05-15,d016
2037,Sergio,Herrero,M,1998-03-15,1973-06-05,d016
2038,Elisa,Marin,F,2000-04-15,1973-07-25,d023
2039,Fernando,Vega,M,1997-05-15,1973-08-15,d011
2040,Alicia,Montero,F,1998-06-15,1973-09-05,d011
2041,Jorge,Cabrera,M,1999-07-15,1973-10-25,d012
2042,Paula,Calvo,F,2000-08-15,1973-11-15,d017
2043,Andres,Gallego,M,1997-09-15,1973-12-05,d017
2044,Claudia,Rivas,F,1998-10-15,1974-01-25,d014
2045,Adrian,Estrada,M,1999-11-15,1974-02-15,d014
2046,Celia,Rojas,F,2000-12-15,1974-03-05,d021
2047,Oscar,Escribano,M,1997-01-15,1974-04-25,d020
2048,Raquel,Valero,F,2001-02-15,1974-05-15,d011
2049,Felipe,Medina,M,1996-03-15,1974-06-05,d011
2050,Patricia,Castano,F,1999-04-15,1974-07-25,d011
2051,Gabriel,Esteban,M,1998-05-15,1974-08-15,d010
2052,Ines,Reyes,F,2000-06-15,1974-09-05,d024
2053,Emilio,Parra,M,1997-07-15,1974-10-25,d015
2054,Carolina,Quintero,F,1998-08-15,1974-11-15,d024
2055,Rafael,Moya,M,1999-09-15,1974-12-05,d024
2056,Silvia,Vicente,F,2000-10-15,1975-01-25,d017
2057,Victor,Lara,M,1997-11-15,1975-02-15,d023
2058,Lidia,Hidalgo,F,2001-12-15,1975-03-05,d019
2059,Mario,Aranda,M,1996-01-15,1975-04-25,d018
2060,Teresa,Salas,F,1999-02-15,1975-05-15,d020
2061,Roberto,Fuentes,M,1998-03-15,1975-06-05,d013
2062,Natalia,Pascual,F,2000-04-15,1975-07-25,d012
2063,Jose Luis,Solano,M,1997-05-15,1975-08-15,d014
2064,Elena,Andres,F,2001-06-15,1975-09-05,d017
2065,Jaime,Vidal,M,1996-07-15,1975-10-25,d020
2066,Carmen,Prieto,F,1999-08-15,1975-11-15,d021
2067,Enrique,Gil,M,1998-09-15,1975-12-05,d015
2068,Marta,Redondo,F,2000-10-15,1976-01-25,d010
2069,Fernando,Izquierdo,M,1997-11-15,1976-02-15,d019
2070,Ana Maria,Abad,F,2001-12-15,1976-03-05,d013
2071,Alberto,Calderon,M,1996-01-15,1976-04-25,d013
2072,Claudia,Sosa,F,1999-02-15,1976-05-15,d012
2073,Oscar,Marcos,M,1998-03-15,1976-06-05,d018
2074,Isabel,Benitez,F,2000-04-15,1976-07-25,d014
2075,Pablo,Pardo,M,1997-05-15,1976-08-15,d022
2076,Alicia,Pena,F,2001-06-15,1976-09-05,d016
2077,Santiago,Vargas,M,1996-07-15,1976-10-25,d022
2078,Sandra,Castaneda,F,1999-08-15,1976-11-15,d011
2079,Guillermo,Saez,M,1998-09-15,1976-12-05,d018
2080,Maria Jose,Nieto,F,2000-10-15,1977-01-25,d019
2081,Francisco,Sancho,M,1997-11-15,1977-02-15,d023
2082,Esther,Sierra,F,2001-12-15,1977-03-05,d013
2083,Luis,Cano,M,1996-01-15,1977-04-25,d015
2084,Raquel,Nieto,F,1999-02-15,1977-05-15,d011
2085,Javier,Ferrer,M,1998-03-15,1977-06-05,d017
2086,Beatriz,Prieto,F,2000-04-15,1977-07-25,d023
2087,Alfonso,Galan,M,1997-05-15,1977-08-15,d016
2088,Maria Jesus,Rojo,F,2001-06-15,1977-09-05,d012
2089,Carlos,Martinez,M,1996-07-15,1977-10-25,d014
2090,Lorena,Serrano,F,1999-08-15,1977-11-15,d024
2091,Jose Antonio,Bravo,M,1998-09-15,1977-12-05,d018
2092,Elena,Herrera,F,2000-10-15,1978-01-25,d012
2093,Antonio,Nieto,M,1997-11-15,1978-02-15,d011
2094,Laura,Medina,F,2001-12-15,1978-03-05,d017
2095,Fernando,Prieto,M,1996-01-15,1978-04-25,d023
2096,Teresa,Soler,F,1999-02-15,1978-05-15,d021
2097,Jose Manuel,Murillo,M,1998-03-15,1978-06-05,d011
2098,Nuria,Rey,F,2000-04-15,1978-07-25,d016
2099,Juan Carlos,Mora,M,1997-05-15,1978-08-15,d011
2100,Ana Belen,Dominguez,F,2001-06-15,1978-09-05,d017
2101,Ricardo,Rios,M,1996-07-15,1978-10-25,d022
2102,Isabel,Campos,F,1999-08-15,1978-11-15,d017
2103,Jose Maria,Moya,M,1998-09-15,1978-12-05,d014
2104,Ana Maria,Benitez,F,2000-10-15,1979-01-25,d013
