employeeId,birthDate,firstName,lastName,gender,hireDate
10500,1992-08-14,María,Lopez,F,2022-11-01
10501,1985-03-03,Carlos,Martínez,M,2021-08-20
10502,1994-06-25,Ana,Sánchez,F,2020-07-19
10503,1997-09-19,Pedro,Ramírez,M,2023-06-30
10504,1991-12-10,Luis,González,M,2024-01-01
10505,1996-04-02,Laura,Moreno,F,2023-10-15
10506,1993-02-28,Antonio,Fernández,M,2022-05-01
10507,1998-07-07,Lucía,Martín,F,2023-03-23
10508,1990-11-13,Raúl,Díaz,M,2021-12-25
10509,1992-01-22,Sofia,Pérez,F,2023-09-05
10510,1995-06-30,David,Lopez,M,2023-05-10
10511,1991-03-18,Elena,Navarro,F,2021-06-07
10512,1996-12-14,Juan,Jiménez,M,2020-12-12
10513,1989-09-05,María,Rodríguez,F,2022-09-10
10514,1993-10-02,Andrés,Martínez,M,2021-04-22
10515,1994-05-16,Isabel,Hernández,F,2022-08-14
10516,1997-08-11,Pedro,García,M,2023-02-03
10517,1990-04-19,Beatriz,Álvarez,F,2023-07-04
10518,1996-07-09,Juan,Castro,M,2020-01-21
10519,1991-06-20,Raquel,Santos,F,2022-11-25
10520,1998-03-15,César,Romero,M,2023-01-18
10521,1995-01-30,Paula,Guerrero,F,2021-03-22
10522,1993-11-03,Alfredo,Méndez,M,2024-04-12
10523,1990-07-24,Susana,Gutiérrez,F,2021-05-17
10524,1992-09-18,Fernando,Muñoz,M,2022-02-04
10525,1997-12-04,Carmen,Flores,F,2023-06-10
10526,1994-10-11,Tomás,Jiménez,M,2020-11-30
10527,1991-04-05,Patricia,Herrera,F,2024-01-10
10528,1996-09-30,Sergio,López,M,2023-04-20
10529,1995-11-14,Marcos,Morales,M,2022-10-09
10530,1997-01-03,Clara,Ramírez,F,2024-03-13
10531,1993-06-29,José,Fernández,M,2021-02-10
10532,1998-10-12,Lidia,Pérez,F,2020-07-07
10533,1992-05-03,Francisco,González,M,2024-05-25
10534,1994-01-01,Alba,Rodríguez,F,2023-12-16
10535,1990-08-11,Diego,Castro,M,2022-06-22
10536,1997-05-25,Julia,Navarro,F,2021-08-08
10537,1995-04-14,Víctor,Martínez,M,2023-11-30
10538,1991-07-30,Inés,Ramírez,F,2020-05-25
10539,1992-11-20,Ricardo,Sánchez,M,2023-06-17
10540,1996-06-02,Nerea,Hernández,F,2024-07-14
10541,1994-08-16,Javier,Muñoz,M,2021-12-01
10542,1993-01-10,Patricia,Martín,F,2023-02-25
10543,1997-03-24,Alejandro,Gutiérrez,M,2024-03-19
10544,1990-06-13,Raquel,Fernández,F,2021-09-14
10545,1992-12-29,Ana,Romero,F,2024-01-23
10546,1994-04-18,Manuel,López,M,2023-11-10
10547,1991-10-07,Bea,Pérez,F,2022-02-03
10548,1995-07-17,Luis,Ramírez,M,2023-03-27
10549,1997-04-20,Ángel,Guerrero,M,2020-08-18
10550,1992-10-09,Marta,Castro,F,2024-04-07
10551,1996-08-15,Jorge,Álvarez,M,2021-04-19
10552,1995-03-21,Cristina,Sánchez,F,2023-05-24
10553,1993-09-14,Joaquín,Hernández,M,2020-03-01
10554,1990-11-10,Antonio,García,M,2024-05-30
10555,1994-02-22,Victoria,Jiménez,F,2022-09-15
10556,1996-12-01,Miguel,Muñoz,M,2023-12-02
10557,1997-02-06,Laura,Flores,F,2024-02-12
10558,1991-05-13,Elena,Martínez,F,2020-10-04
10559,1990-10-25,Francisco,Santos,M,2022-07-11
10560,1996-01-08,Álvaro,Morales,M,2023-08-29
10561,1997-08-23,Celia,Romero,F,2024-06-09
10562,1995-12-07,Raul,Fernández,M,2021-11-03
10563,1991-09-22,Josefina,Álvarez,F,2022-05-14
10564,1994-07-05,Santiago,López,M,2023-04-14
10565,1992-04-18,Verónica,Muñoz,F,2024-03-06
10566,1996-11-03,Joaquín,Ramírez,M,2021-01-12
10567,1995-06-09,Ángel,Martín,M,2023-09-10
10568,1997-09-11,Adriana,Ramírez,F,2020-04-20
10569,1994-10-30,Félix,Hernández,M,2021-07-02
10570,1992-01-17,Laura,González,F,2024-07-15
10571,1993-08-22,Alicia,Fernández,F,2020-12-19
10572,1996-03-14,Antonio,Pérez,M,2024-02-20
10573,1995-09-18,Lucía,Romero,F,2023-06-28
10574,1997-10-03,Diego,Sánchez,M,2021-05-30
10575,1991-04-22,Jaime,Martínez,M,2022-04-13
10576,1992-06-27,Silvia,Lopez,F,2020-08-01
10577,1995-01-01,Lourdes,Jiménez,F,2023-01-04
10578,1994-11-08,Pedro,Martín,M,2022-11-18
10579,1997-05-11,David,Gutiérrez,M,2020-10-10
10580,1993-03-13,Ana,Romero,F,2024-05-07
10581,1990-07-21,Luis,Fernández,M,2021-06-18
10582,1992-11-30,Beatriz,Álvarez,F,2024-01-09
10583,1996-05-18,Sergio,Castro,M,2022-03-17
10584,1993-07-04,Carlos,Moreno,M,2021-10-30
10585,1991-08-16,Paula,Sánchez,F,2023-02-18
10586,1995-10-04,Raquel,Jiménez,F,2020-12-11
10587,1997-06-23,Tomás,Romero,M,2021-04-09
10588,1990-09-29,Javier,Pérez,M,2022-06-13
10589,1994-03-11,Elena,Castro,F,2023-03-30
10590,1991-02-18,Ricardo,Fernández,M,2020-05-05
10591,1993-12-08,Marta,Navarro,F,2021-08-17
10592,1996-02-27,Luis,Sánchez,M,2024-02-03
10593,1990-06-30,Susana,Ramírez,F,2021-07-10
10594,1995-05-01,José,Fernández,M,2022-12-04
10595,1994-09-04,Nerea,Pérez,F,2023-08-22
10596,1991-07-27,Adriana,Martín,F,2024-01-15
10597,1997-11-19,Marcos,Hernández,M,2021-02-25
10598,1992-02-09,Ángel,Moreno,M,2020-03-15
10599,1995-08-23,Clara,Gutiérrez,F,2023-11-11
10600,1996-12-19,Diego,Rodríguez,M,2021-05-12
