employeeId,firstName,lastName,gender,hireDate,birthDate
1050,Imelda,Abascal,F,2023-09-21,1978-03-08
1051,Lope,Lobato,F,2020-04-01,1984-11-02
1052,Blanca,Aguado,F,2023-09-23,1989-07-31
1053,Paz,Báez,M,2023-04-27,1985-02-26
1054,Begoña,Roda,F,2023-12-09,1970-03-28
1055,Amando,Salgado,M,2021-01-18,1989-07-01
1056,René,Alegria,F,2022-02-04,1996-12-01
1057,Áurea,Almansa,F,2022-04-21,1989-09-05
1058,Prudencio,Cerdán,F,2023-01-05,1981-02-25
1059,Calixto,Mínguez,F,2021-08-03,1979-04-12
1060,Josefa,Arévalo,F,2020-09-27,1965-02-11
1061,Rosalina,Benavent,M,2019-11-29,1979-05-25
1062,Modesta,Toledo,M,2020-04-07,1970-10-28
1063,Ester,Mur,M,2021-01-28,1991-02-07
1064,Zoraida,Ochoa,M,2019-11-30,1977-09-05
1065,Coral,Luján,M,2022-06-24,1971-04-09
1066,Candelaria,Velasco,F,2020-12-21,1974-11-30
1067,Bernarda,Tenorio,M,2020-09-08,1973-06-06
1068,Valentín,Arce,F,2021-12-30,1998-06-13
1069,Estrella,Arellano,F,2020-11-27,1985-01-25
1070,Estrella,Serra,M,2021-06-11,1990-05-30
1071,Fortunata,Mateu,F,2020-01-14,1979-02-17
1072,Renata,Jódar,F,2020-05-23,1968-12-07
1073,Pío,Quevedo,M,2024-05-20,1999-10-21
1074,Agapito,Figuerola,M,2024-01-24,1966-01-07
1075,Marisela,León,M,2021-09-20,1978-07-29
1076,Carlota,Carvajal,F,2020-01-23,1992-10-25
1077,Feliciana,Silva,F,2023-01-04,1972-02-03
1078,Noa,Ibáñez,M,2021-07-25,1987-11-16
1079,Eliseo,Machado,F,2021-04-15,1998-03-10
1080,Nicodemo,Prada,M,2022-09-19,1978-09-29
1081,Fulgencio,Cases,M,2021-11-19,1989-09-17
1082,Julieta,Colomer,F,2024-02-04,1999-03-18
1083,Glauco,Amo,F,2021-01-27,1990-05-27
1084,Maricela,Adadia,M,2019-11-29,1970-11-28
1085,Fortunato,Rocha,M,2024-05-31,1969-05-11
1086,Chus,Narváez,F,2020-04-15,1968-04-21
1087,Ciríaco,Serrano,M,2021-08-07,1975-03-10
1088,Régulo,Puerta,M,2024-05-10,1993-12-25
1089,Rosario,Mancebo,M,2024-10-06,1965-11-18
1090,Dan,Valverde,F,2021-04-29,1970-06-25
1091,Aránzazu,Vidal,F,2024-04-24,1999-05-12
1092,Fito,Castilla,M,2020-12-05,1993-09-06
1093,Nerea,Romero,F,2022-05-07,1986-02-10
1094,Raquel,Pagès,M,2023-12-26,1996-05-03
1095,Fabio,Guerra,M,2020-01-07,1995-01-31
1096,Jordi,Casado,F,2022-01-26,1983-10-29
1097,Cosme,Montesinos,M,2021-09-22,1983-06-11
1098,Rosalina,Vallés,F,2023-11-14,1999-10-12
1099,Isidro,Villalonga,M,2021-01-05,1981-05-05
1100,Roberto,Ruano,M,2023-03-16,1991-09-23
1101,Bienvenida,Páez,F,2020-11-04,1969-06-04
1102,Irma,Segarra,M,2024-03-28,1976-01-12
1103,María,Pombo,F,2020-12-14,1980-05-30
1104,Paloma,Espinosa,F,2023-10-13,1988-01-31
1105,Fabricio,Bosch,M,2024-08-24,1973-08-27
1106,Ángela,Díaz,F,2022-10-28,1964-03-26
1107,Flavio,Cabañas,M,2021-03-01,1994-08-27
1108,Donato,Berenguer,F,2021-07-05,1967-07-22
1109,Segismundo,Crespi,F,2020-09-29,1975-12-18
1110,Manuela,Codina,M,2024-09-27,1989-05-13
1111,Fernanda,Mariño,F,2022-02-03,1966-10-05
1112,Felicia,Azorin,F,2023-02-23,1967-04-16
1113,Eli,Guijarro,M,2021-02-24,1983-10-19
1114,Calista,Casado,M,2024-10-25,1970-11-25
1115,Eutropio,Linares,F,2021-08-17,1994-02-08
1116,Celestina,Almeida,M,2024-09-23,1991-11-22
1117,Sancho,Ropero,F,2019-12-01,1971-06-11
1118,Olegario,Alegre,M,2022-12-16,1972-04-09
1119,Amílcar,Cadenas,F,2021-06-16,1976-03-17
1120,Sancho,Rojas,M,2021-11-29,1992-08-21
1121,Marianela,Saez,M,2024-09-24,1970-06-21
1122,Cayetano,Polo,F,2021-02-25,1979-04-11
1123,Sabina,Godoy,M,2021-01-06,1980-01-09
1124,Irma,Aragón,M,2022-09-14,1995-06-20
1125,Graciana,Landa,F,2021-09-01,1989-08-05
1126,Anastasia,Santana,M,2023-11-19,1967-10-29
1127,José Mari,Novoa,M,2023-12-25,1986-04-19
1128,Reyna,Baeza,F,2020-08-28,1971-11-04
1129,Xiomara,Cánovas,F,2024-08-22,1984-07-10
1130,Cayetana,Baquero,F,2023-09-15,1998-05-22
1131,Selena,Abellán,M,2019-12-07,1985-02-04
1132,Juan Antonio,Gonzalez,F,2023-11-30,1984-07-05
1133,Leire,Torrens,F,2021-08-10,1980-12-09
1134,Víctor,Jiménez,M,2022-07-16,1983-03-24
1135,Blas,Pombo,M,2020-02-22,1964-04-22
1136,Anastasio,Osorio,F,2023-03-13,1995-07-17
1137,Ximena,Casal,M,2022-09-11,1970-08-24
1138,Juan Carlos,Pelayo,F,2021-05-21,1995-11-09
1139,Juan Carlos,Losada,M,2020-01-02,1988-02-17
1140,Fabiana,Bosch,F,2021-07-24,1987-09-29
1141,Victor Manuel,Franco,F,2022-06-05,1979-05-09
1142,Adelardo,Palomares,M,2023-08-08,1968-03-25
1143,Lázaro,Cueto,M,2024-08-19,1992-12-23
1144,Eustaquio,Pardo,M,2024-09-14,1986-12-26
1145,Anacleto,Ferrández,F,2019-12-03,1972-09-02
1146,Sabina,Goñi,F,2019-12-23,1980-07-24
1147,Mirta,Bravo,F,2021-10-24,1970-12-05
1148,Inocencio,Pol,F,2023-04-26,1967-10-27
1149,Clarisa,Hoz,F,2021-12-28,1989-10-17
1150,Rosa,Azcona,M,2022-07-20,1990-10-18