0,1982-05-24,Jonathon,Holmes,M,2024-07-27,d014
1,1980-08-24,Andrew,Parker,F,2020-03-29,d030
2,1976-04-06,John,Martinez,M,2001-10-15,d007
3,1999-11-18,Kathleen,Gregory,F,2011-10-04,d014
4,1985-10-09,Joseph,Kelly,M,2016-02-07,d009
5,1988-03-17,Jonathan,Alvarez,M,2002-12-03,d020
6,1995-07-20,Judith,Clements,F,2015-02-26,d029
7,1983-08-28,Veronica,Rivers,M,2011-01-20,d005
8,1996-05-22,John,Taylor,F,2008-09-24,d003
9,1993-12-19,Kimberly,Martin,M,2007-01-02,d020
10,1967-03-15,Angela,Mercado,F,2002-01-26,d014
11,1987-04-15,Jennifer,Armstrong,M,2007-12-06,d015
12,1983-11-08,George,Schneider,M,2021-10-29,d028
13,1964-10-17,Samantha,Craig,M,2020-03-11,d014
14,1991-12-25,Shannon,Williams,M,2001-03-07,d008
15,1975-12-03,Daniel,Marks,M,2015-01-18,d019
16,1985-12-23,Cheryl,Turner,F,2024-03-12,d015
17,1980-06-09,Theresa,Jimenez,F,2024-08-16,d005
18,2003-06-09,Julian,Peterson,M,2012-07-01,d021
19,1964-11-15,Charles,Pineda,F,2015-06-10,d029
20,1965-11-26,Laura,Wallace,M,2004-11-04,d021
21,1997-11-09,Matthew,Levy,F,2003-11-05,d001
22,1988-10-21,Sandra,Nielsen,F,2010-03-04,d029
23,1972-12-21,Kelsey,Byrd,M,2012-07-24,d004
24,1982-09-26,Kenneth,Johnson,F,2022-06-01,d008
25,1998-12-04,Brandon,Martinez,M,2003-03-31,d008
26,2001-04-23,Amy,Callahan,M,2018-11-23,d025
27,1970-10-08,Katherine,Carlson,F,2001-03-31,d022
28,1973-03-02,Timothy,Evans,M,2014-08-29,d026
29,1966-09-24,Gail,Blackwell,M,2005-02-25,d028
30,1977-04-04,Henry,Mcdowell,F,2013-02-19,d002
31,2000-11-20,Blake,Terrell,F,2002-05-19,d010
32,1970-07-26,Michelle,Dyer,F,2019-09-03,d030
33,1995-02-19,Deborah,Hayes,F,2013-06-26,d016
34,1968-03-31,Patricia,Pham,F,2007-04-04,d003
35,1985-09-27,George,Williams,F,2015-02-08,d030
36,1996-11-08,Kathryn,Matthews,M,2003-10-23,d008
37,2000-06-16,Jennifer,Lopez,F,2024-03-19,d012
38,1984-08-06,Matthew,Moore,F,2009-05-27,d010
39,1972-10-03,Bradley,Monroe,F,2006-03-02,d024
40,1964-01-31,Jessica,Smith,M,2023-09-06,d022
41,1992-04-12,Parker,Martin,M,2004-09-06,d006
42,1971-10-08,Kelly,Medina,F,2022-10-26,d011
43,1974-01-20,Tanya,Smith,M,2019-04-14,d002
44,1972-07-09,Jennifer,Clark,F,2012-07-17,d011
45,1998-01-20,Rachel,Sparks,F,2003-02-25,d026
46,1984-01-07,William,Torres,F,2008-07-18,d022
47,2003-05-23,Stacey,Moore,M,2021-04-15,d024
48,1971-12-09,Aaron,Peterson,M,2012-06-19,d029
49,2001-09-13,Natalie,Franklin,M,2017-08-19,d006
50,1980-02-08,Stephen,Rush,F,2001-10-03,d008
51,1995-09-16,Robert,Watson,M,2014-05-16,d007
52,1997-01-27,Anthony,Wilson,M,2020-10-29,d014
53,1995-07-19,David,Lee,F,2000-12-07,d001
54,1978-09-07,Courtney,Stewart,M,2005-11-03,d018
55,1973-06-25,John,Deleon,F,2005-09-03,d028
56,1991-09-30,Jody,Swanson,F,2006-08-07,d004
57,2001-07-24,Scott,Day,F,2006-01-19,d026
58,1998-12-23,Rick,Jones,F,2002-04-11,d019
59,1995-04-08,Janice,Curtis,M,2018-11-24,d027
60,1982-05-25,Lisa,Moore,M,2002-10-07,d029
61,1994-02-13,Nicholas,Bowman,F,2001-04-30,d026
62,1964-04-28,Brandi,Hart,M,2013-11-15,d027
63,1983-10-21,Robert,Wright,M,2012-01-07,d009
64,1997-01-31,Melissa,Oconnor,M,2007-01-27,d028
65,1996-12-27,Brett,Smith,F,2011-07-22,d004
66,1969-04-03,Anthony,Palmer,M,2006-02-24,d007
67,2001-09-15,Marcus,Adams,F,2019-02-19,d014
68,1973-07-29,Glenn,Waters,M,2017-08-06,d028
69,1991-12-25,Steve,Cox,F,2017-06-01,d011
70,1999-01-18,Edward,Hayes,F,2001-11-30,d020
71,1988-01-23,Wendy,Gallagher,F,2007-06-28,d004
72,1968-03-30,Linda,Fitzpatrick,M,2014-08-03,d020
73,1966-05-26,Richard,Cook,M,2023-03-01,d006
74,2002-05-09,Denise,Wells,M,2004-08-19,d001
75,1995-09-06,Adam,Rodriguez,M,2000-06-19,d006
76,2000-05-15,Gabriel,Diaz,M,2022-03-01,d012
77,1998-11-30,Spencer,Cole,F,2016-03-26,d027
78,1992-05-14,Sabrina,Rangel,M,2000-05-04,d001
79,1968-10-12,Elizabeth,Fisher,F,2009-02-09,d003
80,1976-06-14,Susan,Anderson,F,2005-12-03,d008
81,1973-08-02,Thomas,Smith,F,2009-10-10,d027
82,1966-08-27,Bryan,Duke,M,2011-10-11,d017
83,1998-10-21,Antonio,Crane,M,2015-10-01,d006
84,1995-08-27,Denise,Williams,F,2021-05-21,d016
85,1975-10-14,Ashley,Miller,F,2014-07-05,d024
86,1969-12-22,Christina,Salinas,M,2020-10-29,d027
87,1978-11-18,Jody,Garcia,M,2001-01-22,d001
88,1971-10-12,Hannah,Green,M,2014-05-09,d010
89,1979-12-08,Samuel,Evans,M,2008-10-28,d025
90,1997-01-14,Kristy,Young,M,2023-01-29,d015
91,1996-11-23,Douglas,Mack,M,2020-05-12,d008
92,1976-04-19,Diana,Graham,F,2009-04-19,d002
93,1971-05-05,William,Townsend,M,2002-02-20,d021
94,1981-12-19,Jennifer,Johnson,F,2016-02-18,d018
95,1975-04-27,Brian,Anderson,M,2010-04-02,d026
96,1988-07-16,Janet,Summers,F,2010-10-22,d026
97,1964-10-09,Robin,Williams,M,2012-02-11,d013
98,1965-07-24,Alexandria,Garza,F,2005-12-22,d016
99,1984-04-11,John,Graham,M,2006-07-27,d016
